id,regno,site,class,construction,year,place,Al_K12,As_K12,As_L1,Ba_K12,Ba_L1,Ca_K12,Cl_K12,Cr_K12,Cs_K12,Cs_L1,Cu_K12,Fe_K12,Ga_K12,Ga_L1,K_K12,Mg_K12,Mn_K12,Na_K12,Ni_K12,P_K12,Rb_K12,Rb_L1,Rh_K12,Rh_L1,S_K12,Si_K12,Sr_K12,Sr_L1,Ti_K12,Yb_L1,Zn_K12
7,ZW1837,ZW,Dutch,Wooden,1727,Bottom,130708,46113,1,0,36246,2518913,113000,25947,0,6748,30954,258566,27068,3614,304297,39981,163508,22354,19771,97491,24563,1,19,123410,43003,2875345,7280,1,5012,26072,17903
8,ZW1837,ZW,Dutch,Wooden,1727,Cross,137792,47204,1,0,38180,2642090,117236,26848,0,6905,31756,272085,27780,3886,321776,43321,171303,24305,20653,103715,25170,1,26,125948,46922,2985837,7722,1,5213,27047,18549
9,ZW1837,ZW,Dutch,Wooden,1727,Side,142492,48213,1,0,38992,2666153,119777,28149,0,6988,32806,274642,27482,3804,327991,42325,175260,23586,21476,103581,25447,1,33,131329,76574,3063592,7755,1,5199,27299,18684
11,ZW2125,ZW,Dutch,Wooden,1727,Cross,156379,49957,1,0,40798,3010997,123391,30524,0,7021,34179,356401,27522,4225,298142,48221,167360,20164,22430,124641,26109,1,27,147797,30598,3205540,7922,1,6670,28880,19870
12,ZW2125,ZW,Dutch,Wooden,1727,InsideBase,149072,49260,1,0,40170,2936274,125730,29391,0,6808,33763,344495,27419,4015,297372,46780,163845,19440,21974,121166,25744,1,27,144427,26659,3126235,8025,1,6004,28412,19335
13,ZW2125,ZW,Dutch,Wooden,1727,Cross,189995,50438,1,0,41323,3063890,124652,31124,0,7220,34875,364223,28172,4129,305519,49239,171832,20704,23279,125854,26351,1,21,150438,32188,3240878,8254,1,6638,29233,20358
14,ZW1837B,ZW,Dutch,Wooden,1727,InsideBase,159569,46740,1,0,42225,2614025,119872,27031,0,7112,33012,284082,27904,4000,487724,47403,165949,15890,20456,135416,25057,1,21,127714,112349,2947931,7418,1,2738,26561,18793
15,ZW1837B,ZW,Dutch,Wooden,1727,Side,156257,48091,1,0,41241,2669826,105084,27492,0,7195,32750,286417,27666,4010,494279,48388,167370,15418,21168,131483,25195,1,34,138096,103359,2997725,7837,1,2698,27480,18571
16,ZW1837B,ZW,Dutch,Wooden,1727,Side,157481,46237,1,0,39774,2527998,87943,26053,0,6846,31936,273459,26962,3673,467468,44911,158757,13156,20026,117325,24225,1,21,128709,38234,2894857,7146,1,2688,26092,17796
17,ZW1233,ZW,Dutch,Wooden,1727,Exterior,111605,55173,1,0,41188,1725270,32611,27888,0,7971,36635,566777,31171,2780,205427,50261,498960,30820,25041,15309,28802,1,42,129485,48044,2607572,8800,1,18592,27399,16708
18,ZW1233,ZW,Dutch,Wooden,1727,Exterior,103312,56787,1,0,42385,1660997,31910,28118,0,8481,37995,573813,31995,2528,204168,38880,511530,20903,25635,16198,29554,1,34,136394,52946,2291150,8816,1,19125,28061,17173
19,ZW1233,ZW,Dutch,Wooden,1727,Side,89109,50182,1,0,39907,1419601,32673,25728,0,8936,34751,492615,30292,2468,179386,37661,456972,22988,22677,13633,25827,1,28,129156,55036,2141390,7787,1,15106,25726,16194
20,ZW127,ZW,Dutch,Wooden,1727,Cross,146519,49888,1,0,40263,2991970,123478,29926,0,7074,34058,328982,28359,4228,395543,51944,157847,25248,22753,137727,26529,1,26,148424,31664,3169186,8036,1,4608,28951,18647
21,ZW127,ZW,Dutch,Wooden,1727,Exterior,197770,50962,1,0,41043,1757771,113436,27609,0,8054,36636,413346,29638,3916,361844,37970,141554,20046,21893,103296,26335,1,24,124613,222414,3054375,8100,1,12610,27776,20411
22,ZW127,ZW,Dutch,Wooden,1727,Base,239304,53528,4,0,45184,981909,68447,27641,0,9001,39219,476364,31932,3499,332675,24580,112016,16603,22834,53682,27262,1,32,110186,126261,3351018,8026,1,25526,28419,21302
23,ZW2026,ZW,Dutch,Wooden,1727,Cross,138760,46772,1,0,35141,2716557,150004,27790,0,6730,31546,371466,27376,3787,157415,39112,98153,24162,20470,95745,25094,1,27,124951,17219,3030061,7622,1,11475,26010,18554
24,ZW2026,ZW,Dutch,Wooden,1727,InsideBase,162142,52203,1,0,38156,3030772,165587,32059,0,7134,35259,423229,29350,4166,184079,43675,110030,26975,23009,106437,27015,1,36,146429,24125,3372176,8612,1,14368,29658,19716
25,ZW2026,ZW,Dutch,Wooden,1727,Side,152079,50694,1,0,37209,3001547,164002,31373,0,6931,34711,406538,28676,4211,175672,43489,108304,26097,22250,106884,27127,1,31,142705,16684,3336869,8171,1,13775,29322,19351
26,ZW1113,ZW,Dutch,Wooden,1727,Side,68865,51294,1,0,40702,1873294,141526,24074,0,7286,38834,379437,28187,4117,254917,313798,170088,9015,22012,115470,26666,1,27,112065,125369,1981921,8316,1,7840,27416,21508
27,ZW1113,ZW,Dutch,Wooden,1727,Side,97751,51073,1,1,39222,1995331,207747,22415,1,6915,39584,418068,27891,3415,232314,133615,166202,8774,21516,170242,26915,1,34,110667,138642,1711600,8193,1,10999,26631,21810
28,ZW1113,ZW,Dutch,Wooden,1727,Side,101593,48234,1,0,37987,1982966,115949,22360,0,6732,34481,368705,27593,3669,295608,163171,155741,12491,19486,89968,25478,1,41,106264,77722,2167239,7752,1,9817,25361,20465
29,ZW1836,ZW,Dutch,Wooden,1727,Cross,148265,49853,1,0,32451,3084818,64703,30391,0,6734,35575,466199,27560,4080,544354,42967,72556,13569,21591,135390,25817,1,26,153400,145556,3106591,8214,1,7441,28643,20691
30,ZW1836,ZW,Dutch,Wooden,1727,Side,144961,48473,1,0,31708,2958898,66771,28737,0,6883,34208,447621,26919,3853,521134,40498,70231,13134,20794,129734,24964,1,31,146782,151446,2983225,7592,1,5970,27513,20023
31,ZW1836,ZW,Dutch,Wooden,1727,InsideBase,137168,45541,1,0,29153,2704506,57953,26215,0,6502,32095,418086,25410,3764,491339,35028,65128,11764,19169,115864,23693,1,24,134656,120526,2775421,7214,1,6228,25572,18950
32,ZW1885B,ZW,Dutch,Wooden,1727,Side,152243,49862,1,0,40730,2832327,104054,29499,0,6944,34200,366050,27714,4199,445183,50828,228979,22259,23271,136207,25874,1,33,151902,47403,3135284,7847,1,9764,28066,19931
33,ZW1885B,ZW,Dutch,Wooden,1727,InsideBase,140839,47861,1,0,39046,2692236,98112,27423,0,6741,32738,341935,27064,3811,420293,47331,218282,20382,21566,127700,25313,1,35,142187,69991,2968986,7694,1,8197,26747,19395
34,ZW1885B,ZW,Dutch,Wooden,1727,Cross,136507,46496,1,0,38969,2622381,111600,26304,0,6772,31774,342778,26829,3809,412993,45796,213046,20513,20621,125265,25089,1,19,136266,77743,2854964,7725,1,8080,26070,19178
35,ZW3000,ZW,Dutch,Wooden,1727,Side,159466,50406,1,0,41970,2927620,136362,29862,0,7064,34743,369414,28363,4172,254412,49807,162531,26212,22254,129612,26042,1,34,143636,31913,3127371,8173,1,9659,28842,22089
36,ZW3000,ZW,Dutch,Wooden,1727,Side,153273,48575,1,0,41023,2799914,136639,28258,0,7019,33742,354976,28251,4045,244145,48158,156659,26361,21284,123477,25684,1,22,133887,52070,2983214,7548,1,8893,27194,21941
37,ZW3000,ZW,Dutch,Wooden,1727,Cross,162230,50731,1,0,44006,2990421,144313,30620,0,7258,34811,377218,29172,4185,262057,51779,167099,27457,22776,132905,26602,1,26,140725,34488,3173021,8129,1,9659,28610,22668
38,ZW3000,ZW,Dutch,Wooden,1727,NewCrossBreakFragment,148422,48046,1,0,40841,2806950,132132,28199,0,7037,32808,349001,27920,3904,243421,49719,155131,26144,21225,125635,24855,1,33,133180,22502,3012132,7633,1,8636,26762,21513
39,ZW1836B,ZW,Dutch,Wooden,1727,InsideBase,153840,50002,1,0,41537,3058478,111509,30390,0,6982,34906,359849,27851,4243,410603,52255,158959,22890,22655,143622,26049,1,42,152995,80476,3116688,8072,1,8747,28765,20257
40,ZW1836B,ZW,Dutch,Wooden,1727,Cross,127167,42672,1,1,35129,2521667,82012,23721,1,6300,29577,298168,25171,3370,341698,41258,131274,16425,18404,116652,22835,1,22,122495,62402,2589286,6728,1,5823,24326,17264
41,ZW1836B,ZW,Dutch,Wooden,1727,Side,154716,50043,1,0,40922,3036988,87192,29748,0,6674,34709,385296,27720,4195,413290,51359,157917,20433,22954,142564,26426,1,27,155610,48530,3129704,8177,1,9098,29012,19609
42,ZW125,ZW,Dutch,Wooden,1727,Cross,101569,28680,1,0,27931,1720249,75349,15322,0,4122,20363,266292,16367,2552,259741,33910,93461,15326,12648,75796,14750,1,10,89688,17091,1949397,4450,1,8016,15677,10762
43,ZW125,ZW,Dutch,Wooden,1727,Exterior,286222,53521,1,0,48027,926427,91830,27707,0,9132,40063,606420,31525,3618,326656,22724,102835,18253,22997,73738,27517,1,43,114944,165143,3247029,8247,1,32704,28085,20634
44,ZW125,ZW,Dutch,Wooden,1727,Exterior,257454,51199,1,0,49111,1750883,104004,27263,0,7812,37033,469115,28995,3624,404055,28311,126949,17778,21924,81930,26333,1,36,126483,85834,3245691,8060,1,14074,27363,19547
45,ZW2089,ZW,Dutch,Wooden,1727,Cross,137539,48467,1,0,30713,2891761,61833,28280,0,6477,33999,440334,26237,3929,525221,38751,69549,12039,20764,126065,24449,1,36,149844,85275,3036331,7589,1,5719,27729,18971
46,ZW2089,ZW,Dutch,Wooden,1727,InsideBase,122985,49956,1,0,30977,3050191,63323,30490,0,6592,35273,449204,26928,4017,546969,43166,72087,12795,21984,134124,25903,1,30,156633,74381,3262638,8095,1,5562,28730,19626
48,ZW2076,ZW,Dutch,Wooden,1727,Cross,159324,45498,1,1,30904,2736759,60289,26870,1,6667,32981,429316,26360,3691,496900,35012,66609,11382,19120,117288,23867,1,28,131317,92464,2869137,7226,1,5866,25927,19177
49,ZW2076,ZW,Dutch,Wooden,1727,InsideBase,137113,44698,1,0,37411,2924504,102585,26350,0,6459,30559,311388,25854,3735,320199,46209,155501,16381,19943,124693,23730,1,15,136407,66762,2731021,7067,1,5026,25628,18787
50,ZW2076,ZW,Dutch,Wooden,1727,Discrepancy,140030,44344,1,0,36981,2909087,104922,26045,0,6369,30275,314323,25749,3746,317512,46057,156400,17401,19485,123475,23714,1,27,131924,68667,2704461,7363,1,5731,25443,18695
51,ZW1113,ZW,Dutch,Wooden,1727,Side,105108,50632,1,0,42069,1995863,197340,23911,0,7305,38487,388622,28105,4230,273563,251367,166861,12462,21991,136058,26584,1,24,117662,100462,2008626,8212,1,15083,26965,21936
52,ZW1113,ZW,Dutch,Wooden,1727,Cross,176277,51734,1,0,44373,2825025,157980,30757,0,7813,36259,393407,29523,4936,421322,100190,168520,25921,23388,120462,27208,1,23,142324,180409,3205441,8250,1,10566,29503,20614
53,ZW1113,ZW,Dutch,Wooden,1727,Inside,89839,26589,1,0,23983,1353229,106152,12802,0,4647,20305,191743,16471,2325,204422,32701,81737,11490,11191,52618,14581,1,3,65723,64026,1534024,3972,1,4102,14282,11793
54,ZW2025,ZW,Dutch,Wooden,1727,Outside,184612,49394,1,0,43621,3254660,138594,31049,0,7232,34248,405166,28685,4459,324975,57889,199745,21070,23139,141857,25964,1,26,150706,37633,3079075,7873,1,12705,28965,19155
55,ZW2025,ZW,Dutch,Wooden,1727,Inside,147225,39252,1,0,34883,2552939,108606,22545,0,6255,27820,318699,24106,3514,256182,45059,158103,17385,17713,110627,21441,1,11,111004,39301,2413707,6206,1,10710,22646,16531
56,ZW2025,ZW,Dutch,Wooden,1727,Cross,61762,15494,1,0,14557,1057954,44645,7276,0,2567,10840,133493,9420,1564,107195,19072,66223,7156,6539,45950,7936,1,4,51731,14180,984722,2217,1,4646,8445,6553
57,ZW2076,ZW,Dutch,Wooden,1727,Base,44354,15879,1,0,13199,936019,32487,7018,0,2794,11829,100592,10034,1364,104049,14181,50892,5086,6717,40959,8912,1,5,45398,21503,874329,2385,1,824,8560,7370
58,ZW2094,ZW,Dutch,Wooden,1727,Cross,140236,46192,1,0,37661,2831705,115977,27564,0,6521,31313,349644,26710,3756,257931,45863,153878,19256,20482,114542,24571,1,21,134191,29725,2921021,7462,1,7398,26426,18370
59,ZW2094,ZW,Dutch,Wooden,1727,Base,134399,44705,1,0,37818,2779425,116601,26417,0,6822,31094,337932,26196,3889,254552,44659,152420,18418,19574,113756,23991,1,24,125866,28735,2853350,7057,1,5827,25880,18298
60,ZW2094,ZW,Dutch,Wooden,1727,InsideBase,147358,48165,1,0,40736,3035087,125896,29841,0,6841,33310,372013,27464,4005,274965,48801,164946,20169,22368,123838,25761,1,35,144722,26604,3124452,7911,1,6943,27870,19277
61,ZW122,ZW,Dutch,Wooden,1727,Side,223539,49441,1,0,40588,1588424,138130,26698,0,8296,34943,401834,29439,3569,292995,25452,151261,14542,21588,65351,25705,1,26,108753,170464,3045391,7766,1,13426,26716,21660
62,ZW122,ZW,Dutch,Wooden,1727,Inside,159647,39736,1,0,32747,1826438,103954,21128,0,6551,27508,266314,24167,3043,228761,25872,129341,14761,16950,81702,21395,1,18,95964,52561,2463740,6254,1,4421,21828,16799
63,ZW122,ZW,Dutch,Wooden,1727,Cross,151773,48169,1,0,39689,2639650,137936,27170,0,6737,33330,334671,26706,3941,283071,48924,166779,27912,21289,116159,25301,1,24,136998,51044,2911162,7714,1,5892,26567,20315
64,ZW1189,ZW,Dutch,Wooden,1727,Cross,121362,48192,1,0,33939,2180231,68451,26238,0,7958,33737,640155,28264,3028,315183,42215,61118,16120,20186,24346,25161,1,24,140165,63067,2360974,7549,1,4276,26624,16295
65,ZW1189,ZW,Dutch,Wooden,1727,Side,101810,52074,1,0,34644,2295310,58339,26291,0,7816,34971,683967,29608,2714,327063,31965,64590,11060,21503,26492,27332,1,41,150533,52958,2089747,8267,1,5779,27913,16673
66,ZW1189,ZW,Dutch,Wooden,1727,Inside,90895,29161,1,0,20685,1395121,30516,14992,0,4935,20610,381751,18281,2249,202006,32984,36321,11525,11711,12807,16019,1,9,74191,26234,1766135,4406,1,3347,15465,10757
68,ZW127,ZW,Dutch,Wooden,1727,InsideBase,205346,49711,1,0,44923,1261499,68324,27125,0,8447,36125,425514,29745,3317,152548,41267,122141,13366,21565,32261,25301,1,22,106190,50417,3422785,7630,1,26862,26848,22676
69,ZW127,ZW,Dutch,Wooden,1727,Base,214973,44873,1,0,40565,683981,148246,23527,0,8769,33235,381136,27937,3122,121473,39616,105394,14674,19365,20396,23331,1,20,85484,90112,2889505,6816,1,21575,24136,19895
70,ZW127,ZW,Dutch,Wooden,1727,Cross,234053,48202,616,0,43088,1223851,65178,26012,0,8560,35133,390915,28640,3280,159647,18757,125636,15179,20611,65281,24938,1,21,101739,129705,3278914,7607,1,20936,26002,21923
71,ZW2026,ZW,Dutch,Wooden,1727,InsideBase,176093,46402,1,0,38766,2677946,110851,26607,0,6822,32725,354679,26459,3812,447026,47017,144535,17548,20278,128815,24447,1,18,140473,48048,2808416,7480,1,6802,26499,18226
72,ZW2026,ZW,Dutch,Wooden,1727,Base,155547,42666,1,0,36460,2441613,99808,23677,0,6337,30400,321922,25268,3519,409844,42403,130668,14496,18600,120296,22866,1,23,125107,35887,2576845,6943,1,5267,24180,17155
73,ZW2026,ZW,Dutch,Wooden,1727,Cross,168534,45688,1,0,39489,2662174,108716,26114,0,6843,32760,353478,26802,3825,447212,46626,143344,16046,20093,129759,24432,1,23,134713,48030,2800305,7328,1,6662,25901,18200
74,ZW3000,ZW,Dutch,Wooden,1727,InsideSide,135247,45125,1,0,36359,2718069,88441,25686,0,6488,32130,278062,26333,3841,428748,47888,135524,18247,19611,135135,23909,1,22,131277,45294,2774361,7139,1,4343,25830,18100
75,ZW3000,ZW,Dutch,Wooden,1727,Base,147630,48034,1,0,39604,2938045,95632,28593,0,6942,34616,304221,28002,4178,464174,51835,146782,20873,21553,143753,25289,1,19,143791,59279,2978360,7703,1,5134,27674,19256
76,ZW3000,ZW,Dutch,Wooden,1727,Side,145640,47350,1,1,38358,2891457,91018,27898,1,6868,34140,298729,27226,3937,453325,50324,144309,19049,21282,140548,25215,1,29,145696,50962,2938145,7732,1,5110,27364,18424
77,ZW1904,ZW,Dutch,Wooden,1727,Side,179776,49994,1,0,47064,2702301,113867,30162,0,7550,36043,461269,28922,4200,448575,52377,160186,24194,21876,122695,26226,1,24,139603,16855,3218495,7979,1,13164,28008,18977
78,ZW1904,ZW,Dutch,Wooden,1727,Inside,110622,31205,1,0,29539,1580461,65197,15785,1,5198,23440,275234,19610,2493,266259,30255,96176,15743,13054,70953,16985,1,13,80276,25732,1891760,4707,1,7683,16852,12892
79,ZW1904,ZW,Dutch,Wooden,1727,Cross,156481,46006,1,0,42629,2477521,124131,26293,0,7027,33131,409939,27248,3801,398432,46545,144787,24434,19703,110757,24434,1,26,127470,34431,2880581,7226,1,11391,25609,18085
80,ZW3000,ZW,Dutch,Wooden,1727,Inside,92236,31900,1,0,28511,1739767,86206,16286,0,5187,23019,210682,19623,2636,184995,29374,105537,14127,13323,77974,17312,1,11,82139,21971,1914407,4942,1,3906,17321,14836
81,ZW3000,ZW,Dutch,Wooden,1727,SideNearEdge,98583,33843,1,0,30539,1861475,96123,17426,0,5529,24689,227848,20823,2815,196449,31429,113104,15462,14127,82455,18344,1,17,87541,25247,2046493,5259,1,4240,18609,15725
82,ZW3000,ZW,Dutch,Wooden,1727,Outside,147414,48949,1,0,43009,2798951,135483,28874,0,7035,34054,338556,27998,3992,296542,48681,168490,23425,21982,123388,25773,1,30,138977,32902,3097810,7996,1,7705,27365,21277
83,ZW1904,ZW,Dutch,Wooden,1727,Outside,153104,48853,1,0,39203,2909326,120319,29199,0,6811,33487,321420,27502,4041,387374,48909,154318,24858,22278,132823,25633,1,30,148524,34753,3040561,7903,1,4663,28280,18261
84,ZW1904,ZW,Dutch,Wooden,1727,Cross,157027,49695,1,0,40815,2984260,139801,29948,0,7176,34479,331539,28352,4151,397106,50686,158469,28375,22094,136647,26223,1,27,147649,62234,3080440,8029,1,4654,28800,19380
85,ZW1904,ZW,Dutch,Wooden,1727,Outside,149833,48290,1,0,38627,2855154,114933,27969,0,6886,33162,314361,27177,3925,379020,47838,151394,24160,22112,130516,25301,1,22,146697,33702,2978820,7851,1,4115,27679,17614
86,ZW122,ZW,Dutch,Wooden,1727,Inside,124543,27052,38,0,23074,1068123,65812,13360,0,4971,19735,183612,16970,2052,152492,12693,83419,9424,10910,45255,14658,1,11,59543,58972,1678199,3985,1,3781,14663,12066
87,ZW122,ZW,Dutch,Wooden,1727,OutsideNeck,126002,31115,72,0,25880,1008328,72455,15464,0,5582,22350,227186,19463,2043,155872,13287,88547,8924,12851,42422,16381,1,17,66520,94531,1843996,4667,1,5259,16737,14408
88,ZW122,ZW,Dutch,Wooden,1727,Cross,137293,46156,1,0,37782,2572467,115848,26101,0,6822,31524,311221,26875,3779,264235,47300,161508,25936,20288,113402,24054,1,28,127789,24126,2834851,7440,1,5049,25765,18575
89,ZW1885B,ZW,Dutch,Wooden,1727,Cross,119868,45803,1,0,29430,2803233,63608,27082,0,6367,32761,417314,26134,3794,538314,42284,67544,13248,19081,132506,23677,1,22,137658,97324,2865464,7133,1,5306,26003,18823
90,ZW1885B,ZW,Dutch,Wooden,1727,InsideBase,123794,47806,1,0,30674,2895633,69744,27707,0,6602,33760,435098,26506,3869,561071,43726,70213,15168,20123,136380,24755,1,22,145631,125329,2942151,7497,1,5116,27093,19678
91,ZW1885B,ZW,Dutch,Wooden,1727,Cross,117625,45838,1,0,29356,2793854,61152,26772,0,6287,32593,414345,26010,3644,538515,42209,67265,13532,19686,131793,23959,1,28,142112,87512,2862943,7252,1,4922,26119,18784
92,ZW1837,ZW,Dutch,Wooden,1727,OutsideBase,149323,45573,1,0,39672,2953142,113767,28237,0,6972,31986,323316,27063,4159,314058,48216,159975,17952,20125,123846,24453,1,17,128585,33503,2970074,7263,1,6313,26264,19594
93,ZW1837,ZW,Dutch,Wooden,1727,Cross,150780,48780,1,0,40069,3053536,122322,28985,0,6913,33451,338073,27204,4084,321567,47839,164661,18058,22039,126644,25721,1,21,145119,66727,3040744,7922,1,6048,27940,19794
94,ZW1837,ZW,Dutch,Wooden,1727,SideNearBottom,161709,49613,1,0,41462,3164608,129028,30715,0,7034,34111,350711,28601,4291,339068,50624,171930,20164,22360,130621,26175,1,29,147028,38686,3178993,8039,1,7796,28798,20168
95,ZW2126,ZW,Dutch,Wooden,1727,Cross,129005,49164,1,0,31782,2866890,75370,29722,0,7149,34444,462989,28797,4270,427774,52497,64697,21724,20833,116761,25904,1,30,132789,61482,3226855,7634,1,5124,27768,18974
96,ZW2126,ZW,Dutch,Wooden,1727,Outside,114316,48200,1,0,30483,2781825,77827,28692,0,6972,33296,442956,28131,3954,414563,51986,62325,21001,20499,115130,25241,1,30,133265,52638,3140006,7667,1,4591,27219,18192
97,ZW2126,ZW,Dutch,Wooden,1727,Side,119914,51104,1,0,30986,2871848,79450,30417,0,6924,34624,457811,28004,4065,428756,52739,64172,21534,21368,117951,26192,1,21,148554,53615,3273847,8312,1,4396,28779,18193
100,LJ61,LJ,Colonial,Wooden,1921,OutsideShoulder,168465,44489,1,0,36493,2743016,89612,26552,0,6659,29835,591884,26045,3593,125639,53268,71870,16193,18152,16337,22714,1,26,116939,52225,2713129,6745,1,8928,24481,15314
101,LJ61,LJ,Colonial,Wooden,1921,Rim,160245,48094,1,1,33923,2972167,127375,27983,0,6347,31436,621642,26749,3565,125202,47570,71200,15015,20261,17281,24538,1,21,128740,55374,2752086,7504,1,8971,26064,14981
102,LJ61,LJ,Colonial,Wooden,1921,Cross,180639,47665,1,1,37995,3103071,111672,30501,1,7109,32172,647773,27534,3863,134214,55665,75732,19105,20143,18557,24563,1,30,129134,61423,2987805,7234,1,9509,26821,15848
103,BN5440,BN,Colonial,Iron,1888,Top,107627,41654,1,0,27684,2141795,20105,22752,0,6148,45104,584142,24665,2867,107204,34336,52380,14231,16764,9234,22118,1,26,100872,70943,2238128,6430,1,7884,22470,17306
104,BN5440,BN,Colonial,Iron,1888,Side,115473,44553,1,0,29618,2316120,28335,24281,0,6937,64732,666771,25841,3265,117241,37947,57613,16824,17142,10745,23693,1,30,104249,83383,2275536,6730,1,11243,23944,19238
105,BN5440,BN,Colonial,Iron,1888,Cross,20558,7316,1,0,5297,351515,4020,3470,0,1532,5720,88753,4534,645,18090,5996,8797,2575,3067,1739,4030,1,4,21698,5509,397683,990,1,430,3727,3307
106,LJ3,LJ,Colonial,Wooden,1921,Side,232286,44139,1037,0,36410,1721447,26297,23513,0,6474,30389,551131,26949,2901,266217,11852,43832,26038,17511,9356,23745,1,22,98618,39403,2555533,6792,1,19074,23318,15697
107,LJ3,LJ,Colonial,Wooden,1921,Cross,154908,30502,195,0,25648,1151746,20088,15268,0,5123,21189,362681,19297,2102,178544,9453,29435,18873,11874,6776,16605,1,10,70219,28921,1760210,4504,1,11779,16048,11278
108,LJ3,LJ,Colonial,Wooden,1921,Inside,203574,37668,853,0,31815,1488414,24787,20290,0,6236,26536,467517,23779,2578,232357,10507,37223,24527,15158,8709,20480,1,14,88965,34731,2275905,5816,1,16317,20198,13952
109,BEL3557,BEL,Colonial,Composite,1824,Cross,155266,47091,1,0,29243,3417487,66737,30282,0,6203,31986,425833,26578,3624,140953,53777,36271,7518,21428,12242,25262,1,24,143039,55549,3004867,7922,1,8304,28426,15008
110,BEL3557,BEL,Colonial,Composite,1824,Side,136890,42822,1,0,27335,2988617,57497,25619,0,5827,28969,380515,25160,3180,126258,46334,32119,6772,17568,11758,22869,1,18,115546,50252,2592610,7074,1,7970,24769,14289
111,BEL3557,BEL,Colonial,Composite,1824,InsideBase,124210,38394,1,0,24620,2680337,54484,22406,0,5437,26152,326601,23319,2700,113542,41548,29455,5924,16066,10296,20538,1,18,110303,42657,2384020,6279,1,5869,22028,12898
112,BEL231,BEL,Colonial,Composite,1824,Outside,154107,47244,1,0,34321,3160215,67190,29916,0,6805,32110,445930,27960,3824,209052,47067,37507,13572,20169,40193,24890,1,26,128146,49191,3097787,7378,1,6398,27428,14974
113,BEL231,BEL,Colonial,Composite,1824,Cross,49133,19023,1,0,11750,1037112,24850,7993,0,2567,12078,150625,10912,1189,66444,13532,13806,3918,7245,12803,10905,1,12,48756,19489,999481,3377,1,1332,10215,6066
114,BEL231,BEL,Colonial,Composite,1824,Inside,88560,28396,1,0,20107,1817886,38940,15060,0,4545,20483,254055,17646,2206,121341,26305,22306,7356,11413,23463,15606,1,16,76095,31022,1809678,4413,1,3773,16073,9995
116,ZT1350,ZT,Dutch,Wooden,1712,OutsideSide,61786,42526,1189,0,25348,989740,14917,65049,0,6638,28558,55255,26606,1920,110326,11400,43236,54627,18333,6130,22958,1,10,82139,27007,2309969,6343,1,3990,26308,13657
117,ZT1350,ZT,Dutch,Wooden,1712,Cross,90542,63624,713,0,35311,1426609,21245,98674,0,8333,40052,77610,36330,2658,160009,24683,63702,87240,28762,7585,32708,1,34,124445,41857,3582148,9348,1,6685,39338,17424
119,ZT3380,ZT,Dutch,Wooden,1712,Cross,258682,46565,358,0,41455,1703029,36639,24702,0,7782,37394,572569,26897,2837,196533,15994,98251,4397,18419,58883,24300,1,27,111205,65701,2590771,7269,1,29656,24100,20704
122,ZT6316,ZT,Dutch,Wooden,1712,Cross,118205,44915,1,0,37103,2616639,112825,24951,0,6524,31058,262346,26168,3784,462340,57654,156361,15739,19780,127120,23940,1,27,128391,49579,2672965,7221,1,1562,26043,16875
123,ZT6316,ZT,Dutch,Wooden,1712,Outside,128482,48660,1,0,40510,2900094,150132,28280,0,7028,33614,289375,27919,4221,519173,58896,172485,19568,21930,146530,25722,1,32,149804,48673,2962806,8129,1,2642,28238,17881
124,GT4163,GT,Dutch,Wooden,1656,Base,91009,31903,1,0,27487,1589441,27762,15402,0,5099,23351,192973,19753,2403,415427,32680,106560,7488,13558,68537,17223,1,12,83308,18936,1901344,5065,1,3518,17313,12189
125,GT4163,GT,Dutch,Wooden,1656,InsideBase,78583,28329,1,0,24231,1385244,21286,13042,0,4538,21138,174265,17558,2107,361142,27430,94186,6272,11846,57363,15483,1,10,69992,27157,1590277,4248,1,3414,15334,11273
126,GT4163,GT,Dutch,Wooden,1656,Cross,91129,32393,1,0,28800,1661415,27257,15925,0,5007,24586,205082,19349,2458,431777,31746,111444,6981,13626,69491,17153,1,16,93339,29108,1924687,5065,1,4931,17913,12098
127,GT4098,GT,Dutch,Wooden,1656,Side,256533,45330,1,0,44555,1702437,29843,24466,0,7544,33443,333737,26694,2761,443703,22239,144426,2643,19278,44077,23769,1,24,105746,50662,2995861,7060,1,15505,24515,17563
128,GT4098,GT,Dutch,Wooden,1656,Side,256431,46124,1,0,46553,1815346,44237,25400,0,7750,34332,351343,27783,2974,472374,24049,148329,3087,19655,70806,24332,1,22,110591,56822,3035757,7264,1,15331,24766,18450
129,GT4098,GT,Dutch,Wooden,1656,Cross,271294,51129,1,0,49970,1845552,43729,27297,0,8093,37092,402709,28564,3124,486568,25974,164946,3092,22187,46364,26113,1,30,126893,105097,3270986,8028,1,18030,27309,19086
130,GT4149,GT,Dutch,Wooden,1656,InsideBase,123814,46215,1,0,40787,2518326,59719,25779,0,6666,32853,261857,26501,3803,717676,55408,186665,13598,21102,137210,24390,1,23,140879,53195,2917562,7383,1,1168,26465,17719
131,GT4149,GT,Dutch,Wooden,1656,SideNearBottom,129963,47975,1,0,42371,2600686,67914,26654,0,6535,34548,270927,27317,3900,741603,55646,194420,13832,21899,140819,25146,1,21,148041,44731,2997175,7713,1,1611,27487,18202
132,GT4149,GT,Dutch,Wooden,1656,OutsideBase,118605,44425,1,0,39422,2405147,61989,24013,0,6537,32006,249806,26033,3582,688267,52268,181801,13107,20239,129278,23441,1,21,133300,31474,2775510,7187,1,850,25222,17007
133,UNID6349,UNID,Unknown,Unknown,NA,Side,156786,55755,1,0,34182,3005414,106042,30564,0,6964,38151,655335,27786,4011,245270,54008,56551,18674,21506,34871,25185,1,29,145367,92898,3016769,7660,1,6221,27721,15244
134,UNID6349,UNID,Unknown,Unknown,NA,OutsideBase,221909,59285,1,0,34775,3026559,95237,29993,0,6634,41937,716940,28436,4200,237742,50847,57937,15335,21218,36896,27103,1,47,145618,153084,2770745,8365,1,8349,28596,16152
135,UNID6349,UNID,Unknown,Unknown,NA,Cross,25650,10359,1,0,6885,495962,21236,4167,0,1777,18557,112090,5725,836,41069,8218,10442,3367,3570,6223,4796,1,0,33060,20323,466610,1322,1,436,4834,3498
136,BAT4620,BAT,Dutch,Wooden,1629,Side,163103,45944,1,0,56030,2508256,65784,26231,0,7045,32238,303703,26412,3534,898887,55413,317091,8205,21398,139909,24461,1,18,148939,28874,2878905,7596,1,5611,25967,17443
137,BAT4620,BAT,Dutch,Wooden,1629,Cross,159884,42899,1,0,58770,2263854,81976,23820,0,7191,30913,388012,25650,3412,770438,36964,302944,6700,19710,127964,22919,1,23,135390,55477,2430954,6975,1,27808,23429,17894
138,BAT4620,BAT,Dutch,Wooden,1629,SideInside,151941,40297,1,0,49504,2136101,60082,21421,0,6399,28819,276080,23789,3104,760297,40612,272207,7506,18293,106626,21395,1,16,130735,29951,2366116,6607,1,6340,22404,15227
139,BAT4000,BAT,Dutch,Wooden,1629,Base,141944,50250,1,0,54116,2563698,38053,27277,0,6887,33810,311959,27234,3707,888203,56731,332493,6977,24045,127524,25110,1,31,158888,82870,3042949,7862,1,4369,26880,18606
140,BAT4000,BAT,Dutch,Wooden,1629,Cross,93739,43766,1,0,46287,2006420,138701,20456,0,7128,29942,280597,24479,3101,676876,32128,270098,7491,18947,119549,21534,1,19,125732,247850,1969886,6532,1,3147,22638,16942
141,BAT4000,BAT,Dutch,Wooden,1629,InsideBase,139886,48178,1,0,51382,2402855,43341,25623,0,6891,32371,292457,26000,3507,819988,50505,311340,7055,21959,116437,24087,1,23,142000,99575,2847019,7238,1,4243,25597,18055
142,BAT4077,BAT,Dutch,Wooden,1629,InsideBase,100092,47954,1,0,53036,2363496,13418,26925,1,7079,32084,293111,26657,3359,748117,44022,352682,4262,21742,106696,24243,1,21,122231,41597,3286439,7510,1,3274,24758,19052
143,BAT4077,BAT,Dutch,Wooden,1629,Base,77543,33751,1,0,37465,1769880,10323,16348,0,5429,23494,162249,19870,2446,578281,39504,244817,3425,14681,97123,17448,1,12,94029,35474,1990149,5221,1,541,17706,13974
144,BAT4077,BAT,Dutch,Wooden,1629,Cross,74982,44304,1,0,49348,2028951,13810,22552,0,7254,30164,297961,25062,2505,635688,27361,312676,2413,19718,78812,22505,1,25,124589,49457,2450045,6827,1,3195,23147,17641
145,CM18A,CM,Colonial,Composite,1830,Side,86390,21951,1,0,17031,1441066,43195,11170,0,3654,15467,257018,13461,1742,63050,21636,18591,5382,8783,7938,11854,1,13,58848,19529,1309276,3241,1,2938,11803,8173
146,CM18A,CM,Colonial,Composite,1830,Side,222910,51344,1,0,35794,3701029,105519,35611,0,7033,34901,664749,29359,4214,160150,55234,43657,13482,23213,18376,26871,1,40,153057,46694,3355311,8131,1,14516,30936,16525
147,CM18A,CM,Colonial,Composite,1830,Neck,202178,48031,1,0,33915,3415054,110239,32167,0,6670,32972,607585,27540,3923,147653,49518,41386,12468,21977,17261,25642,1,27,148335,46542,3100764,7978,1,11214,28833,15267
148,BAT4000,BAT,Dutch,Wooden,1629,InsideBase,188959,54925,1,0,55253,2389892,13243,27735,0,7284,35837,278150,27924,3992,827075,53449,327518,6727,23898,104847,26474,1,31,154790,369100,3156934,8144,1,3679,27906,20309
149,BAT4000,BAT,Dutch,Wooden,1629,OutsideBase,120487,38570,1,0,39404,1607832,14251,18126,0,6056,26493,190212,21672,2715,559495,47857,222381,4385,15584,68346,19147,1,11,94741,187395,2167304,5583,1,2022,19372,16634
151,BAT4000,BAT,Dutch,Wooden,1629,Cross,144776,50636,1,0,49713,2095946,29192,24468,0,6929,32328,247782,26555,3440,743285,45465,293232,6770,21410,86979,24138,1,24,135403,267989,2859606,7655,1,3001,25214,18594
152,UNID6330,UNID,Unknown,Unknown,NA,InsideBase,107327,48422,1,0,42407,2836022,105501,27571,0,8346,35358,346920,27913,2905,283748,36930,178940,34256,22725,111850,25943,1,30,161838,80077,2265813,7754,1,4090,29453,170993
153,UNID6330,UNID,Unknown,Unknown,NA,Cross,80483,27350,1,0,22817,1780290,72478,14007,0,4056,20116,201141,15694,2337,180534,28780,103897,12617,12268,74646,14234,1,13,89785,23527,1696459,4374,1,4301,15733,11577
154,UNID6330,UNID,Unknown,Unknown,NA,OutsideSide,175238,46024,1,0,44171,2413773,246737,26142,0,8206,33938,397187,27570,4593,333849,147182,180058,22718,20270,92725,24863,1,21,122639,139877,2509851,7314,1,14344,25745,20755
155,ZT3982I,ZT,Dutch,Wooden,1712,Cross,128859,45913,1,0,31819,2655138,73051,27037,0,6646,34082,615089,26004,3501,320270,44399,83008,13175,19695,101751,24299,1,30,133954,61079,2695945,7311,1,12439,25322,18771
156,ZT3982I,ZT,Dutch,Wooden,1712,Cross,112952,44973,1,1,29268,2989810,79537,27268,1,6273,31656,477336,25626,3671,336944,47241,65441,13409,19549,112089,23456,1,16,139069,70982,2781163,7318,1,4595,26105,17407
157,ZT39821,ZT,Dutch,Wooden,1712,InsideBase,126980,49493,1,0,31622,3379911,86855,31470,0,6730,35198,540359,27326,4197,379937,54805,74589,15872,22067,128318,25768,1,26,156909,71470,3142838,7984,1,6726,29421,19021
158,GT4055,GT,Dutch,Wooden,1656,Cross,117397,51864,1,0,43027,2298877,31236,24710,0,6989,33034,237376,26395,3636,865173,56013,298156,7080,22339,141305,24048,1,22,134997,104712,2869894,7096,1,1,25994,22681
159,GT4055,GT,Dutch,Wooden,1656,InsideBase,134526,54087,1,0,43999,2332724,38866,25659,0,6883,35256,244359,26336,3993,876829,62619,309618,9204,23730,140139,24874,1,33,152105,246277,2873881,7806,1,1,27330,23027
160,GT4055,GT,Dutch,Wooden,1656,Side,128383,55774,1,0,46514,2521547,41657,27912,0,7146,34823,252531,27911,3917,952271,61582,322523,8721,24677,156338,25751,1,26,152660,81881,3180446,7951,1,1,28596,23828
163,CM93,CM,Colonial,Composite,1830,InsideBase,160759,45946,1,0,32234,2909854,188585,28556,0,6351,30958,578304,25737,3546,77676,32877,128157,18664,20910,25571,23942,1,27,135975,26284,2813706,7563,1,18759,26160,13977
164,CM93,CM,Colonial,Composite,1830,RimOfBase,58835,20109,1,0,14708,1151314,78515,9788,0,3552,14303,229595,12747,1550,32962,11405,52278,6087,8399,11626,11088,1,5,55828,14328,1059715,2865,1,6457,10609,7442
165,CM93,CM,Colonial,Composite,1830,Cross,125784,44143,1,0,32285,2762114,189221,26327,0,6815,30209,557988,26286,2964,79519,24106,124565,12844,19510,24982,23513,1,25,129642,41284,2276720,7105,1,18237,25205,14348
166,UNID6335,UNID,Unknown,Unknown,NA,Cross,22141,7629,1,0,6529,472232,21659,3411,0,1459,5628,62177,4737,662,41403,8083,23330,2915,3112,19680,3998,1,2,29662,22841,389779,1066,1,1417,4174,3288
167,UNID6335,UNID,Unknown,Unknown,NA,Side,229930,49795,1,1,43485,2301642,222009,28446,1,7980,35626,559821,29466,4286,324834,39847,140119,23858,21832,199258,26876,1,33,132123,137205,2855174,7963,1,22639,27813,22080
168,UNID6335,UNID,Unknown,Unknown,NA,Inside,74360,16291,199,0,14762,300179,6088,8532,0,3544,12471,216578,10624,1063,82668,5107,67225,2968,7063,48666,8653,1,4,38836,109742,694451,2210,1,7830,8507,7215
169,NoNoBottle,Beer,Historical,NA,NA,Side,273496,48262,1,0,39672,1961778,29167,26176,0,8037,34695,608168,27829,3162,225235,20788,672059,35401,22479,22895,24928,1,31,128506,34654,2547388,7374,1,4544,23947,22869
170,NoNoBottle,Beer,Historical,NA,NA,Neck,241392,41821,1,0,32954,1601312,26051,21450,0,6979,29681,497876,24314,2683,194743,17360,552570,14723,18303,13961,21764,1,32,104391,24807,2231062,6308,1,3347,20050,19716
171,NoNoBottle,Beer,Historical,NA,NA,Rim,290506,48477,2,0,38082,1988591,19560,26308,0,7742,34543,612247,27623,3189,222194,21887,683382,17060,22206,16118,24720,1,35,128477,24063,2652215,7535,1,4490,23722,22596
172,GT4149,GT,Dutch,Wooden,1656,Side,120361,60499,1,0,47928,2613196,70971,26863,1,7028,33979,238641,27116,4032,975130,63482,308612,11631,25637,169420,25065,1,29,155504,57301,2955473,7797,1,1,28287,21813
