id,regno,site,class,construction,year,place,Al_K12,Ar_K12,As_K12,As_L1,Ba_K12,Ba_L1,Br_K12,Br_L1,Ca_K12,Cd_K12,Cd_L1,Cl_K12,Cr_K12,Cu_K12,Fe_K12,Ga_K12,Ga_L1,In_K12,In_L1,K_K12,Mn_K12,Ni_K12,P_K12,Pb_L1,Pb_M1,Pd_K12,Pd_L1,Rb_K12,Rb_L1,Rh_K12,Rh_L1,S_K12,Sc_K12,Si_K12,Sn_K12,Sn_L1,Sr_K12,Sr_L1,Ti_K12,V_K12,Y_K12,Y_L1,Zn_K12,Zr_K12,Zr_L1
241,ZT3982I,ZT,Dutch,Wooden,1712,Side,429,0,5,157,728,157,1554,1,145463,274,0,335,136,2485,115998,0,862,84,12,10712,7403,325,3,9465,0,32905,183,2009,10,40960,22,34,602,5877,2003,360,150883,1,1614,181,1523,49,6045,18891,0
157,ZT39821,ZT,Dutch,Wooden,1712,InsideBase,498,1,7,184,1008,-1,1396,1,125162,99,0,139,208,9755,306183,0,1092,146,619,8908,11126,485,1,12323,19,36815,293,2564,2,48535,0,1,456,5422,2389,3,158597,1,2630,86,2064,0,8185,22927,0
155,ZT3982I,ZT,Dutch,Wooden,1712,Cross,397,1,267,136,867,2,1344,1,125484,290,-1,334,92,2313,103286,0,718,69,890,8551,6640,325,151,7858,0,24732,144,2163,143,35024,0,41,460,4930,1307,1,128333,45,1619,185,1195,1,5338,14758,1
123,ZT6316,ZT,Dutch,Wooden,1712,Outside,550,1,-1,216,3193,917,868,1,144431,290,0,794,56,2411,64483,44,959,298,1115,15503,26085,427,95,2382,0,40215,121,9199,17,49851,1,25,615,5500,1316,27,107371,132,1267,276,1297,1,5326,23357,-2
122,ZT6316,ZT,Dutch,Wooden,1712,Cross,353,23,588,148,3026,660,926,1,123706,138,0,582,43,2284,60808,89,985,17,16,16157,25127,299,169,1979,0,35882,129,8845,439,41894,13,95,503,5198,772,444,97427,1,1379,323,1011,102,4994,21330,1
121,ZT6316,ZT,Dutch,Wooden,1712,Outside,49,1,124,236,2576,164,3884,322,388203,430,-1,2453,101,2193,19198,18,1043,770,91,3836,6581,229,1,4299,0,38150,186,6104,1,46047,1,577,1420,720,1902,1025,135589,298,216,25,601,123,2317,16920,0
240,CM18A,CM,Colonial,Composite,1830,Outside,531,4,121,236,1464,23,313,1,162773,306,0,483,232,1640,148172,120,1001,117,461,3178,2872,410,67,2835,33,39719,229,3213,208,50195,0,2,552,5970,711,296,44603,30,2403,183,1760,47,2903,22832,1
147,CM18A,CM,Colonial,Composite,1830,Neck,731,3,-1,275,1103,41,157,1,162715,80,0,427,262,1466,147258,140,1100,239,373,3535,2991,283,1,2817,1,39034,322,3089,488,50467,0,15,314,5758,1152,334,44298,86,2317,220,1981,1,2912,23603,76
22,ZW127,ZW,Dutch,Wooden,1727,Base,661,28,0,215,2443,238,881,1,56999,476,0,172,61,2419,105114,0,1067,109,5,10424,16641,297,71,6866,0,38147,128,5228,462,46645,1,337,239,5457,2372,184,85886,60,3387,163,1067,1,5913,25928,19
21,ZW127,ZW,Dutch,Wooden,1727,Exterior,622,1,0,263,2954,435,853,1,73944,124,0,476,112,2415,100290,95,979,220,243,10146,22890,279,84,6497,0,40189,185,5489,175,50259,1,621,13,5521,2197,42,90250,1,2799,149,1340,106,6893,25445,1
20,ZW127,ZW,Dutch,Wooden,1727,Cross,519,1,0,271,2291,525,66,1,127963,97,0,460,1,2332,70982,89,1065,46,309,11152,21270,361,149,5076,1,38268,267,5038,46,48721,10,72,382,5873,1707,239,88949,1,1617,177,1571,1,5328,22741,109
239,ZW127,ZW,Dutch,Wooden,1727,Outside,589,1,564,187,2933,330,1409,1,48545,374,1,589,156,2626,89735,0,1058,320,1,3242,16369,299,-1,4792,0,39977,0,4741,636,49939,-1,226,455,5703,1348,2,90700,63,4015,231,1639,1,9112,30099,0
69,ZW127,ZW,Dutch,Wooden,1727,Base,605,61,721,265,2503,369,1348,1,46302,0,-1,656,105,2513,99013,0,961,450,1,3956,17206,243,1,4111,0,38495,190,4932,1,48887,1,130,447,6504,907,0,90356,50,3856,171,1611,1,8269,29456,1
68,ZW127,ZW,Dutch,Wooden,1727,InsideBase,482,1,439,264,2673,484,851,59,63065,241,0,351,49,2490,98513,201,985,145,50,4732,19360,148,1,4454,1,38723,365,4958,342,47220,1,2,555,5907,1360,112,88730,1,3507,191,1415,1,9721,29077,109
28,ZW1113,ZW,Dutch,Wooden,1727,Side,410,1,102,250,2550,930,817,70,97614,338,0,774,170,2989,92748,52,1028,344,641,8657,26246,359,140,5220,1,39816,221,6592,1,48359,1,166,152,4599,1549,1,84485,1,2035,302,1756,1,7857,28916,1
27,ZW1113,ZW,Dutch,Wooden,1727,Side,477,1,-1,280,2840,627,565,1,92516,183,0,1576,73,3425,99993,116,975,85,576,8489,27339,297,215,5522,0,38069,248,6875,1,49357,1,335,252,4583,1222,1,86922,1,2691,241,1799,1,8414,30507,1
26,ZW1113,ZW,Dutch,Wooden,1727,Side,286,21,380,376,3009,716,716,1,101919,454,0,747,103,3579,88019,3,1099,179,201,8945,25906,307,234,5235,1,39717,164,6841,1,49887,1,126,601,4243,1576,263,86229,48,2181,212,1567,1,8057,29733,1
238,ZW1113,ZW,Dutch,Wooden,1727,Side,372,1,600,245,2468,771,327,1,111550,239,1,838,1,3632,87917,97,1086,118,256,10361,24747,409,201,4833,0,39976,134,6966,256,52244,82,52,308,4517,1300,173,86706,1,2114,207,2068,0,7947,30538,1
53,ZW1113,ZW,Dutch,Wooden,1727,Inside,542,1,303,156,2048,612,244,1,95717,251,0,464,35,2431,62319,39,846,211,8,9200,17322,238,2,3700,0,32119,180,4931,344,34761,1,53,144,4038,1330,239,63157,1,1405,141,1217,213,5396,22432,2
51,ZW1113,ZW,Dutch,Wooden,1727,Side,440,1,66,287,3021,566,329,1,103732,277,0,611,71,5076,83845,0,1047,179,296,8853,23375,331,2,5138,43,38524,256,6481,1,47466,1,1,491,4547,1028,222,81872,1,2084,262,1332,143,7640,27956,0
237,ZW2076,ZW,Dutch,Wooden,1727,InsideBase,459,1,312,204,2815,784,626,1,155889,230,0,556,67,2432,82747,0,1073,280,224,10896,27368,292,197,3007,0,38671,136,7274,480,49187,1,116,497,5660,1876,471,110245,1,1765,249,1556,1,8342,27888,1
49,ZW2076,ZW,Dutch,Wooden,1727,InsideBase,579,1,130,201,3257,626,670,1,155084,156,1,462,52,2380,79127,0,1061,100,1172,9784,26473,267,105,2909,0,38826,-8,6562,288,48642,-3,1,545,5672,1001,1,109283,1,1688,249,1104,1,7837,26660,99
236,UNID6349,UNID,Unknown,Unknown,NA,Side,500,95,2625,226,1669,196,-5,1,126416,361,0,180,351,2070,151101,242,1063,324,232,5788,5267,345,1,93037,61,35055,156,2940,148,44131,0,313,323,4237,1627,284,70189,1,1829,119,6152,1,91683,25019,0
134,UNID6349,UNID,Unknown,Unknown,NA,OutsideBase,613,1,2902,214,812,342,-12,1,121872,467,0,340,145,2019,140483,414,906,237,314,5749,4783,252,105,84180,112,33988,228,2690,1,41731,0,225,1,4933,1828,198,64657,24,1944,226,5452,39,1894,23580,3
133,UNID6349,UNID,Unknown,Unknown,NA,Side,721,1,3505,251,1117,220,-1,1,137589,305,0,179,172,2897,155060,368,951,205,865,5908,5302,299,1,97964,176,37711,50,2980,185,47236,0,239,92,5768,1075,75,73240,1,1849,129,6625,1,2146,26321,23
235,UNID6335,UNID,Unknown,Unknown,NA,Side,666,1,725,216,1841,-1,3856,11,68702,397,0,1177,198,2249,160888,186,939,239,11,7896,21503,307,232,2263,0,37981,157,4288,1,46992,1,1475,112,4149,1362,124,127216,101,4407,167,1793,3,6708,31773,1
168,UNID6335,UNID,Unknown,Unknown,NA,Inside,669,1,1152,149,1794,0,4179,1,47467,232,0,136,148,1675,153992,146,911,96,44,6601,28596,109,7,1384,0,33872,182,3543,1,38497,0,1876,220,3036,1450,31,103367,1,3794,161,1436,52,4689,28114,104
167,UNID6335,UNID,Unknown,Unknown,NA,Side,665,1,583,201,2265,274,2179,1,101269,311,1,1097,70,1898,132292,0,1003,262,8,9002,19742,185,193,1513,0,38536,186,4137,1,49889,1,255,699,5224,1094,249,134164,26,3484,315,1630,1,7723,30433,1
234,UNID6330,UNID,Unknown,Unknown,NA,Base,670,1,303,183,2623,688,788,1,134797,413,0,668,93,2342,74639,32,902,175,132,8713,25915,297,160,2108,0,36986,205,5909,1,45462,68,64,442,5614,1345,317,101282,1,1722,244,1463,56,6967,26993,1
154,UNID6330,UNID,Unknown,Unknown,NA,OutsideSide,705,1,1,221,2886,634,565,1,127548,151,-1,859,56,2589,82571,0,1043,204,57,9369,26553,263,118,2768,0,38710,98,5920,298,47237,0,171,608,4652,969,265,104989,271,2080,249,1575,1,7979,27926,1
152,UNID6330,UNID,Unknown,Unknown,NA,InsideBase,615,10,68,174,3454,843,686,1,133203,219,-1,524,90,2140,79747,226,1134,251,693,7918,26846,144,197,2338,0,38581,132,6058,221,50389,0,64,450,4347,1022,131,107804,1,1565,233,1351,1,172430,29023,1
82,ZW3000,ZW,Dutch,Wooden,1727,Outside,143,1,179,176,2337,973,239,281,130809,173,0,568,40,2458,78044,79,928,66,671,8050,25916,257,-1,4233,0,36771,234,5647,42,46724,1,0,463,6282,949,233,89222,1,1828,316,1216,80,8756,30277,0
80,ZW3000,ZW,Dutch,Wooden,1727,Inside,472,12,132,197,1964,1079,267,1,128570,281,0,690,42,2434,76480,0,922,86,867,7773,25178,353,94,3791,0,34477,224,5520,163,45929,1,166,211,5780,1291,21,88007,1,1806,248,1035,12,8930,29186,1
76,ZW3000,ZW,Dutch,Wooden,1727,Side,623,110,17,235,2553,718,111,1,137536,338,0,248,8,3065,69375,-5,1064,147,378,14660,21977,338,105,5435,1,38454,83,7396,169,47967,4,1,575,5913,1232,372,86042,21,1762,178,1693,1,6468,23893,52
75,ZW3000,ZW,Dutch,Wooden,1727,Base,559,1,107,205,2825,552,114,1,129911,203,0,451,103,2851,65236,57,1029,39,734,13479,20739,382,191,5081,1,37465,98,7014,118,46075,1,148,314,5453,783,233,81246,1,1714,121,1852,27,6136,23418,1
233,ZW3000,ZW,Dutch,Wooden,1727,Outside,586,147,124,206,3038,663,194,1,129875,470,0,859,99,2283,82612,63,1082,140,869,6396,23065,264,1,9464,0,37755,293,4577,141,44592,1,45,582,5701,1186,96,85901,1,1929,226,1772,151,9187,28463,0
232,ZW3000,ZW,Dutch,Wooden,1727,Outside,685,1,0,210,2596,827,192,1,135007,324,1,842,8,2280,85406,0,1051,410,354,7168,24435,315,17,9858,0,39658,221,4817,245,48689,1,54,512,5843,1644,238,89445,1,2069,102,1884,144,9845,29858,94
35,ZW3000,ZW,Dutch,Wooden,1727,Side,452,17,103,226,2630,758,85,2,132267,613,-1,438,21,2317,83222,137,963,182,719,6342,24081,172,2,9626,-7,39496,122,4975,410,46909,0,1,158,5454,1525,29,88735,1,1889,161,1977,101,9645,28881,0
16,ZW1837B,ZW,Dutch,Wooden,1727,Side,529,-1,0,211,2807,822,707,17,121039,469,0,457,64,2315,63522,80,933,356,636,14947,25145,378,131,1727,30,37610,68,8731,363,46152,0,1,96,5535,1441,1,100210,1,1495,408,1379,0,5305,22179,-8
15,ZW1837B,ZW,Dutch,Wooden,1727,Side,677,72,267,218,3090,811,642,1,127641,310,0,584,1,2374,67222,74,1017,144,199,16345,25921,421,253,1909,1,39552,220,9074,14,50192,1,54,201,6057,683,456,105973,1,1529,339,653,1,5628,22831,52
231,ZW1837,ZW,Dutch,Wooden,1727,OutsideBase,577,61,265,210,2453,626,585,1,142786,284,0,668,99,2237,76777,83,1000,216,491,9579,24724,304,1,2748,0,39614,131,5725,80,48250,1,1,518,5919,1168,198,105611,49,1711,268,1965,1,7336,27791,114
92,ZW1837,ZW,Dutch,Wooden,1727,OutsideBase,727,1,196,234,2619,520,693,1,138330,457,0,594,-2,2247,73477,108,1056,175,6,9153,23848,276,302,2638,1,37656,215,5812,75,45657,1,85,242,5722,1938,366,103123,84,1728,194,1627,64,7255,26086,2
230,ZW1837,ZW,Dutch,Wooden,1727,Inside,590,1,86,290,2155,931,257,1,128605,424,-1,544,65,2021,64369,15,1082,297,785,9645,27673,381,171,2935,0,40184,181,4835,66,49901,0,19,353,6390,1261,1,87785,1,1685,56,1260,1,6170,32987,12
9,ZW1837,ZW,Dutch,Wooden,1727,Side,483,1,381,196,2541,623,1,18,125873,9,-1,490,78,1815,63795,62,1012,258,62,10129,27252,417,141,2775,0,40176,196,4789,350,47832,1,83,211,5644,855,240,86863,1,1711,182,1521,1,5925,33032,1
229,ZW122,ZW,Dutch,Wooden,1727,InsideNeck,594,1,267,187,2548,495,276,1,88453,443,-1,402,73,2998,86507,114,954,208,436,7116,23070,292,134,5278,0,37385,122,5017,338,45042,0,156,6,5443,1397,1,79686,1,2561,215,1609,1,7431,23891,1
228,ZW122,ZW,Dutch,Wooden,1727,OutsideShoulder,507,1,597,267,2927,561,469,1,119069,506,0,697,1,2913,83808,95,1045,294,635,8777,26701,337,1,4798,0,40346,250,4957,182,49874,98,76,430,6303,1777,102,85421,1,2075,283,1397,1,8265,24416,1
87,ZW122,ZW,Dutch,Wooden,1727,OutsideNeck,603,1,205,206,2676,531,655,1,92335,611,0,718,126,2470,89416,131,961,191,175,8199,23693,216,94,5952,0,39557,252,4917,149,47827,0,217,446,5840,1650,165,81942,20,2203,98,1438,1,7869,24607,1
227,ZW122,ZW,Dutch,Wooden,1727,Outside,682,66,14,257,3017,680,417,1,90342,144,0,660,26,2178,88651,0,984,153,62,9154,23257,271,27,4550,0,39793,200,4831,323,49143,1,140,417,5356,1218,92,81205,68,2167,225,1873,1,7275,24637,26
62,ZW122,ZW,Dutch,Wooden,1727,Inside,188,1,198,225,2507,479,294,274,102120,161,0,598,16,2051,76239,19,981,73,590,7743,23900,297,1,4976,0,39117,281,4645,499,46699,67,95,279,5117,1081,59,80163,89,1868,269,1412,1,6505,22888,103
61,ZW122,ZW,Dutch,Wooden,1727,Side,641,35,364,272,2826,433,432,1,74401,149,0,655,121,2020,97942,147,1049,119,46,8223,21308,347,1,4506,0,40557,254,5038,280,49518,53,224,279,5665,1341,174,81814,29,2713,141,1242,1,6870,24730,18
226,ZW125,ZW,Dutch,Wooden,1727,Exterior,600,7,353,233,2851,970,489,1,93122,210,0,566,42,3176,113098,136,1052,206,215,11613,19669,346,1,7844,0,40944,213,7908,215,49792,0,324,439,5671,1884,135,90641,48,2768,271,1790,116,7444,33130,39
44,ZW125,ZW,Dutch,Wooden,1727,Exterior,524,1,411,167,2677,548,312,104,86528,335,0,269,56,2826,114704,116,1140,172,14,12220,19633,356,6,8077,0,39416,254,8302,278,51282,1,271,37,5905,1548,285,90473,1,3378,222,2398,122,5800,33747,-1
43,ZW125,ZW,Dutch,Wooden,1727,Exterior,607,6,960,193,3149,458,481,27,54517,77,0,357,103,2807,129025,179,968,257,243,9569,16662,368,1,8906,0,39494,234,8189,382,50702,0,413,236,5639,1920,1,91231,1,3855,215,2028,142,5668,33970,-2
225,ZW2126,ZW,Dutch,Wooden,1727,Side,483,17,793,131,406,144,1391,7,126472,142,0,206,100,2135,103379,0,1071,220,486,12423,6258,305,120,13418,0,35776,78,2674,423,43857,5,112,476,5703,1997,92,197822,48,1376,151,1738,1,5333,19845,1
97,ZW2126,ZW,Dutch,Wooden,1727,Side,508,2,758,231,1075,0,1411,1,126713,486,0,204,110,2217,104819,0,984,141,51,12830,6502,390,-2,13867,3,38655,184,2691,20,47599,1,1,625,6098,1977,321,204837,1,1632,106,1549,125,5368,19066,0
96,ZW2126,ZW,Dutch,Wooden,1727,Outside,395,1,461,304,813,-43,1409,1,117052,208,0,128,129,2243,97788,38,1037,272,97,12027,5984,284,108,13577,12,38443,355,2738,110,46963,1,1,603,5606,2653,220,196845,20,1549,268,1808,27,4984,18623,3
224,ZW2089,ZW,Dutch,Wooden,1727,OutsideBase,187,1,549,172,1097,160,981,263,129485,230,0,175,106,3081,99780,0,935,156,498,16022,7622,306,118,19274,34,34746,138,5171,46,42727,0,177,729,5639,2072,125,97274,33,1614,150,2254,76,7307,22041,9
223,ZW2089,ZW,Dutch,Wooden,1727,InsideBase,529,28,190,206,1271,243,1013,1,139714,438,0,264,215,3281,105131,3,1073,46,799,17353,8176,427,1,20854,0,38355,315,5831,322,50008,0,156,667,5820,1725,201,107335,1,1560,213,2440,36,7915,24046,40
46,ZW2089,ZW,Dutch,Wooden,1727,InsideBase,455,0,796,183,938,229,986,1,134057,258,0,139,227,3441,104733,0,970,240,406,16887,8035,293,1,19636,8,34923,143,5303,222,44401,1,21,287,5644,2601,121,100607,1,1425,152,1903,147,7416,22754,0
60,ZW2094,ZW,Dutch,Wooden,1727,InsideBase,463,1,11,242,2793,767,591,1,146915,350,0,514,105,1989,89161,0,1031,254,410,8223,25892,298,172,2820,24,39284,272,5622,69,50782,1,1,648,6409,1476,295,107799,32,1903,332,1555,4,7225,28756,3
59,ZW2094,ZW,Dutch,Wooden,1727,Base,139,117,374,167,2255,635,696,301,147494,480,0,671,111,1994,88803,0,1105,490,359,8082,26029,281,207,2347,2,37993,124,5110,165,47526,0,12,608,6180,1303,314,103995,1,1815,286,1115,1,7015,27381,126
58,ZW2094,ZW,Dutch,Wooden,1727,Cross,534,1,0,300,2429,681,710,1,138039,254,-2,590,28,1973,83614,87,1080,160,489,7664,24501,220,286,2338,1,36845,101,4994,256,45555,88,115,364,5872,1121,79,98937,46,1723,204,1192,1,6727,26791,39
222,ZW1904,ZW,Dutch,Wooden,1727,Outside,636,53,457,247,2768,878,411,1,134902,133,0,488,94,2346,73780,0,1056,330,683,11591,23020,383,56,4954,1,39196,215,5256,657,49728,1,76,381,5146,1876,191,91817,1,1468,246,1620,1,5824,23581,1
85,ZW1904,ZW,Dutch,Wooden,1727,Outside,479,1,453,275,2622,709,294,1,131108,429,0,472,60,2080,72801,0,1021,157,461,11301,22511,363,174,4514,0,39417,212,5245,580,47828,1,5,421,5169,1806,155,88981,1,1634,130,1285,1,5402,23640,5
83,ZW1904,ZW,Dutch,Wooden,1727,Outside,643,83,34,264,2544,732,352,1,141018,92,0,629,73,2349,76228,102,1172,127,197,12433,23824,469,156,5628,1,40469,197,5400,172,51125,1,79,410,5834,1966,378,94136,113,1589,376,1364,1,5693,24314,2
25,ZW2026,ZW,Dutch,Wooden,1727,Side,503,1,0,247,1756,420,403,1,136288,192,0,873,73,1635,93218,0,1056,263,324,4203,13876,157,76,2193,0,40968,314,2583,400,50558,1,70,381,5952,1544,262,87219,1,2407,255,1734,39,6465,29389,66
24,ZW2026,ZW,Dutch,Wooden,1727,InsideBase,603,1,1,292,1960,385,370,1,141644,534,0,1006,204,1545,96900,0,1173,311,944,4008,14831,136,1,2427,1,42242,209,2982,178,53300,1,1,337,6471,2472,2,91132,1,2208,150,1218,185,6598,29817,-1
23,ZW2026,ZW,Dutch,Wooden,1727,Cross,397,150,0,145,1446,4,238,1,93934,96,0,621,52,1451,65292,36,630,0,27,3099,9455,40,135,1585,17,26085,68,1878,203,34557,1,19,152,4271,1062,203,58107,1,1901,164,868,1,4535,19048,1
221,ZW2125,ZW,Dutch,Wooden,1727,InsideBase,629,17,511,307,2655,656,695,1,144161,288,0,560,1,2179,82703,34,1085,79,9,9511,26063,266,70,2567,1,41590,285,5589,238,52205,1,1,389,6260,648,506,104163,1,1866,143,941,1,7869,28350,121
220,ZW2125,ZW,Dutch,Wooden,1727,Outside,587,5,51,172,2838,729,477,1,132183,381,0,776,16,2053,75996,46,995,227,134,8358,24189,281,44,2683,1,38415,209,5412,413,47529,1,1,423,5364,1019,199,96568,82,1763,252,1353,2,6951,27471,68
12,ZW2125,ZW,Dutch,Wooden,1727,InsideBase,362,51,149,209,2580,912,517,7,145384,162,0,593,91,2153,83662,128,1009,112,380,8998,26337,345,41,2821,1,40693,260,5694,296,51712,1,1,608,5990,1438,297,105404,1,1717,268,1251,114,7747,29351,1
219,ZW2025,ZW,Dutch,Wooden,1727,Outside,615,41,214,177,2194,934,1085,1,159573,196,0,710,1,2049,97516,0,1066,168,143,10311,32559,409,168,2686,1,36910,167,5521,1,49901,0,65,589,6352,1599,582,125573,31,2350,262,1664,1,6302,31452,7
55,ZW2025,ZW,Dutch,Wooden,1727,Inside,468,1,0,244,2065,714,1068,1,137078,260,41,578,57,1872,84989,0,999,276,653,8155,27485,389,171,2515,0,34438,95,4487,243,42286,1,1,463,5027,1447,14,108687,45,2158,192,1317,1,5778,28129,1
54,ZW2025,ZW,Dutch,Wooden,1727,Outside,661,1,0,288,2064,684,1062,1,146585,289,-3,682,1,2001,90101,171,996,30,407,9196,29817,330,161,2749,0,36736,133,5091,94,45861,1,11,610,5762,1296,77,116288,1,2325,304,1081,114,5848,29731,3
31,ZW1836,ZW,Dutch,Wooden,1727,InsideBase,542,1,899,174,828,23,1210,2,140794,115,2,112,128,3352,106309,0,1035,115,1367,15891,8114,335,110,18256,1,35261,59,5531,227,43161,-1,281,819,5771,2365,1,104192,118,1778,227,2482,55,8047,23057,33
30,ZW1836,ZW,Dutch,Wooden,1727,Side,579,1,874,222,1009,0,985,1,138989,57,-1,240,173,3519,105736,0,1107,120,458,16994,7825,318,1,18933,0,37160,142,5501,289,48707,0,228,890,5748,2058,239,108612,15,2071,240,2527,161,8459,23311,3
29,ZW1836,ZW,Dutch,Wooden,1727,Cross,413,1,250,178,1060,103,1219,104,137993,25,0,260,229,3436,105783,0,1061,104,937,16280,7644,432,193,18869,0,36862,104,5741,208,47342,0,166,418,5937,2605,70,105977,1,1775,223,2147,1,8081,22797,71
40,ZW1836B,ZW,Dutch,Wooden,1727,Cross,257,106,-1,192,2118,624,71,156,118379,237,0,429,28,2318,70228,74,765,177,610,10456,19922,232,1,4492,1,33892,322,5369,45,42605,0,73,413,5119,1002,236,72191,1,1752,269,1612,65,6000,25608,-18
39,ZW1836B,ZW,Dutch,Wooden,1727,InsideBase,420,1,78,183,2554,783,67,1,140032,221,-1,485,1,2490,82760,27,1009,101,1109,12200,23179,311,198,4748,-7,36229,118,6199,261,43976,0,54,271,5696,1049,1,80851,73,2014,127,1690,9,7027,28972,30
218,ZW1885B,ZW,Dutch,Wooden,1727,InsideBase,480,6,731,234,1033,67,883,1,141693,324,0,230,118,3386,108583,0,985,66,1233,18299,8375,317,97,17774,0,36246,237,6038,258,48346,0,162,704,6142,2243,9,112477,43,1842,269,2594,1,8162,23824,92
89,ZW1885B,ZW,Dutch,Wooden,1727,Cross,595,42,532,158,1035,0,620,1,109721,293,0,65,124,2902,84699,0,946,159,801,14442,6434,292,180,14207,0,32277,91,4790,248,38545,-1,187,204,4659,1867,162,86763,1,1469,79,1719,1,6260,19038,1
217,ZW1904,ZW,Dutch,Wooden,1727,Outside,188,0,250,232,3626,844,1,269,121280,153,0,604,48,3096,105321,0,975,399,1017,12476,23231,327,156,7480,0,40098,71,8482,96,50359,1,101,234,5966,2783,46,91531,1,2580,267,1882,83,5603,34596,1
216,ZW1904,ZW,Dutch,Wooden,1727,Outside,546,1,522,232,2856,898,81,1,124599,109,0,624,1,3148,109817,146,978,313,870,13145,24058,442,110,7195,-8,39006,302,8657,209,50717,4,22,340,6005,2351,19,93386,1,2394,297,1885,1,5641,35433,176
77,ZW1904,ZW,Dutch,Wooden,1727,Side,465,1,5,234,2208,918,1,16,116654,153,2,459,1,3074,101336,136,969,193,782,12320,22442,389,141,7591,1,36345,69,7588,304,47037,3,1,1,5577,1523,1,87956,1,2161,190,2138,1,5350,33627,1
73,ZW2026,ZW,Dutch,Wooden,1727,Cross,614,1,0,191,2485,773,770,1,127546,114,-1,501,93,2955,84578,88,1030,211,685,14136,22380,429,218,5114,24,36262,127,8337,266,47597,1,1,365,5393,1193,1,107054,204,1883,148,1960,40,6291,25541,1
72,ZW2026,ZW,Dutch,Wooden,1727,Base,511,1,99,230,2960,767,885,1,132825,501,0,625,29,3026,87678,0,1033,229,79,15383,22781,346,297,5258,0,37757,244,8520,1,47388,0,48,557,5797,1389,424,109697,1,1883,218,1019,1,6528,25691,1
71,ZW2026,ZW,Dutch,Wooden,1727,InsideBase,472,-2,53,270,3309,800,1039,33,136967,299,-1,529,50,3304,90142,20,1099,245,266,15303,23606,358,16,5157,1,38852,175,8934,393,49890,0,51,307,5399,1694,332,113968,152,1903,371,1904,1,6954,26787,83
215,ZW1189,ZW,Dutch,Wooden,1727,Side,674,1,580,303,973,70,1912,1,110599,483,0,298,1,1373,170435,61,1121,316,581,10263,6472,148,20,2798,0,40844,294,4247,1,49716,1,71,323,4543,2032,14,168738,13,1993,159,2108,52,2886,21663,-8
66,ZW1189,ZW,Dutch,Wooden,1727,Inside,500,140,768,238,524,126,1593,167,106135,638,0,114,194,1529,157715,0,1121,282,18,10531,6078,156,54,2365,2,35857,210,4051,384,41489,0,81,548,5327,1328,220,150881,75,1951,143,1883,1,2840,19215,14
65,ZW1189,ZW,Dutch,Wooden,1727,Side,634,1,1010,201,1144,177,1941,1,113136,348,-1,243,201,1476,171911,0,1035,210,7,10598,6470,223,81,2484,1,39521,265,4196,332,49546,0,77,506,5055,1300,86,167795,165,1796,68,2125,97,2885,20759,1
214,ZW1233,ZW,Dutch,Wooden,1727,External,630,3,991,356,2109,300,16,1,74807,150,0,53,144,1871,133525,173,1146,115,484,5446,90822,514,0,2093,0,45744,429,5782,90,52372,0,100,164,5240,892,8,16956,1,3435,219,2766,1,928,56831,0
213,ZW1885B,ZW,Dutch,Wooden,1727,InsideBase,540,1,4,205,2611,535,171,1,128316,95,0,245,47,2188,81636,11,983,132,1172,12692,36039,368,119,3719,0,39502,27,6239,399,48944,156,67,78,5559,1381,1,71331,1,2111,289,1054,1,7147,25498,-13
32,ZW1885B,ZW,Dutch,Wooden,1727,Side,415,2,38,195,2861,797,195,1,129932,297,-1,300,32,2207,84610,64,1084,144,1009,13056,36682,399,3,3756,0,39678,64,6521,364,49491,240,1,320,5711,1558,3,71953,1,1980,240,1435,211,7576,25908,0
18,ZW1233,ZW,Dutch,Wooden,1727,Exterior,507,1,1010,260,1212,344,143,1,79846,293,-4,1,142,1820,143475,86,1147,161,346,6083,97422,541,102,2167,0,44284,168,5888,481,49806,1,138,1,5324,1464,1,17270,1,3671,228,3063,1,1062,58031,1
17,ZW1233,ZW,Dutch,Wooden,1727,Exterior,695,1,907,235,1638,260,46,1,84866,289,0,138,132,1862,144683,0,1178,121,228,6267,94393,469,170,2676,0,47238,355,6325,359,53238,0,233,1,5594,859,49,18272,1,3515,158,3171,46,1056,59298,1
197,RP3113,RP,Colonial,Wooden,1811,Rim2,502,1,193,187,884,2,273,1,136732,85,-1,449,136,3160,138156,0,906,112,840,4417,7528,179,1,7207,0,32620,121,2245,1,41007,32,111,472,5205,741,1,84926,286,1778,295,1363,3,2349,23317,1
196,RP3113,RP,Colonial,Wooden,1811,Rim,398,1,0,152,968,198,281,1,114700,267,1,265,117,2330,109009,53,818,108,433,3715,6124,139,1,6136,0,29749,20,1617,201,37124,0,34,551,4305,755,1,72658,41,1190,85,1014,14,1827,19492,1
195,RP3113,RP,Colonial,Wooden,1811,Neck2,652,1,187,230,1150,195,248,1,132089,433,0,381,147,2378,126080,0,918,200,450,4335,7084,250,27,7091,0,35041,341,2425,418,43850,1,204,480,4577,958,194,87796,219,1354,104,1418,31,1909,23961,44
194,RP3113,RP,Colonial,Wooden,1811,Neck,17,1,252,177,671,77,491,354,157439,257,0,259,235,2697,148836,31,1048,278,255,5433,8295,338,1,7725,0,39312,168,2776,600,51883,27,108,1013,5852,1139,364,101797,23,1645,223,1610,72,2203,27414,7
193,RP3113,RP,Colonial,Wooden,1811,SideNearBottom2,438,1,65,285,1071,236,313,1,161910,81,0,379,167,2813,154146,56,1118,0,587,5419,8911,273,1,8061,0,39682,366,2586,151,51714,1,197,594,6270,744,204,104070,1,1629,157,1110,1,2345,27992,48
192,RP3113,RP,Colonial,Wooden,1811,Side4,514,1,0,215,888,40,562,1,156331,278,0,356,130,2835,146805,90,1089,200,737,5027,8271,317,146,8051,0,37479,134,2475,172,48590,0,175,679,5896,1561,107,98359,102,1654,248,1629,17,2184,27087,1
191,RP3113,RP,Colonial,Wooden,1811,Side3,504,21,0,201,1117,0,476,1,153581,332,-2,207,178,2561,145203,85,982,307,383,5141,8161,237,1,8077,1,35754,191,2459,126,47685,0,156,539,5802,1469,208,97267,63,1772,140,1373,136,2051,26389,33
190,RP3113,RP,Colonial,Wooden,1811,SideNearBottom,642,1,368,279,1077,187,300,1,155635,0,2,278,160,2937,150292,0,1072,55,465,5312,8222,303,1,8046,0,39389,100,2328,275,51068,0,45,440,5677,1278,20,100768,77,1627,208,1754,1,2387,27491,56
189,RP3113,RP,Colonial,Wooden,1811,Side2,495,1,611,169,848,260,283,1,154912,279,-1,315,241,3100,150677,43,1014,225,794,5215,8585,253,18,7744,1,37943,274,2446,39,48896,1,165,513,5927,2106,47,98344,144,1694,65,1847,13,2548,27096,0
188,RP3113,RP,Colonial,Wooden,1811,Side1,522,15,426,220,1109,211,297,11,151808,342,0,299,253,2768,145729,87,860,139,460,5351,8186,327,107,7800,0,34922,228,2484,77,47420,1,114,616,5838,1239,276,97069,1,1445,128,1049,1,2331,25751,1
187,ZT3380,ZT,Dutch,Wooden,1712,InsideBase,646,1,256,246,1984,228,188,1,100988,202,0,385,228,5585,142153,148,1021,177,1,6465,15573,192,2,10814,143,40133,203,4038,139,48923,0,339,611,5614,1487,84,87652,1,3813,205,1445,87,9551,25335,0
120,ZT3380,ZT,Dutch,Wooden,1712,OutsideBase,622,15,272,259,1409,-1,345,1,28207,286,0,1,275,5531,1255627,33,1048,86,1,745,21029,285,132,5886,1,34998,518,2810,1,40600,1,512,1,2712,1033,0,66267,1,4670,181,1531,3,12842,23978,1
160,GT4055,GT,Dutch,Wooden,1656,Side,508,1,31798,202,4539,1695,236,1,109456,247,0,1,1,3141,54010,0,944,147,789,30686,52668,1944,1,5495,2,35776,217,21095,271,46345,1,283,338,5971,1162,142,96634,1,779,315,1241,0,11183,14571,256
158,GT4055,GT,Dutch,Wooden,1656,Cross,402,1,30038,240,4442,1641,1,1,108125,232,0,2,1,3678,54506,0,939,140,435,30784,52873,1898,183,8148,95,37127,149,21300,241,47739,0,292,256,5685,831,53,96451,1,834,255,482,1,11364,13533,1
186,ZT1350,ZT,Dutch,Wooden,1712,Inside,501,1,3984,243,1138,187,1,1,57266,495,0,7,8548,1673,9493,48,1273,209,205,3918,5848,4487,1,2559,0,51932,413,3195,350,53716,0,94,92,6351,1360,42,18765,87,1958,61,1375,2,1037,27312,-3
115,ZT1350,ZT,Dutch,Wooden,1712,InsideSide,523,1,3729,307,905,264,1,1,57976,443,0,63,8230,1979,10937,47,1262,76,15,3787,5754,4590,10,2909,0,51886,312,3596,281,52125,0,82,1,5620,1647,26,19084,1,16312,100,1570,24,1240,26772,1
185,GT4098,GT,Dutch,Wooden,1656,Side,697,1,548,169,2406,1010,32,1,94154,297,0,1,55,3505,82420,0,977,327,650,15854,24286,339,1,9344,143,37501,142,14483,351,48186,0,120,512,5640,1557,3,82743,1,2413,419,2138,1,5313,30558,22
127,GT4098,GT,Dutch,Wooden,1656,Side,580,1,168,201,2284,1030,48,1,89511,105,0,39,1,3337,79660,40,970,77,174,15625,23347,334,69,8794,107,36382,201,14342,594,46508,0,227,136,5185,1398,144,79256,1,2398,289,1273,1,5282,29786,-13
149,BAT4000,BAT,Dutch,Wooden,1629,OutsideBase,579,1,19483,250,4412,2117,17,1,98748,104,0,1,14,3149,57372,0,941,118,36,25768,50583,676,40,4869,36,35875,173,20437,152,46163,0,471,408,5460,903,302,94521,1,1351,475,977,32,7089,21866,5
184,BAT4000,BAT,Dutch,Wooden,1629,OutsideBase,521,1,20153,243,4858,2046,108,1,105972,716,0,71,1,3050,57826,109,954,668,687,27173,53574,704,1,3868,0,37830,343,21062,466,47847,0,549,511,5700,1441,1,98273,1,1129,401,1229,139,6528,22948,0
144,BAT4077,BAT,Dutch,Wooden,1629,Cross,468,1,6139,233,6050,2229,44,1,122011,231,0,1,1,2764,54528,0,920,237,698,29479,64625,841,184,12498,34,35946,260,20346,384,48080,10,2,222,5934,1303,1,107410,1,1378,512,1222,1,6813,20295,3
142,BAT4077,BAT,Dutch,Wooden,1629,InsideBase,548,1,6280,233,6704,1988,1,21,113412,594,0,1,1,2902,56626,66,1019,414,534,26383,63216,782,99,13212,0,37198,354,20877,537,51293,1,17,517,6654,1705,291,110587,1,1281,384,1140,27,6776,20943,3
183,BAT4000,BAT,Dutch,Wooden,1629,InsideBase,542,27,11279,203,5315,2059,1,1,116861,61,0,1,7,2758,70024,0,1061,134,474,30399,56345,1007,183,2858,57,37897,134,20868,166,51997,112,45,259,5859,553,265,101195,1,1607,504,1494,1,5880,23254,1
139,BAT4000,BAT,Dutch,Wooden,1629,Base,507,1,11496,232,5597,2153,1,1,118685,121,0,1,1,2797,71585,117,1004,354,333,31027,57028,997,228,2685,0,37701,195,20954,236,51919,1,172,287,5896,947,420,102343,1,1556,663,1858,1,6015,23454,1
182,BAT4620,BAT,Dutch,Wooden,1629,,708,1,965,168,5683,2033,1,1,113951,69,0,1,-22,2889,78196,0,1002,105,1133,29530,53607,553,105,1189,-1,33477,97,19589,1,47615,70,1,274,5394,1002,1,103828,74,2182,260,1552,1,5319,21042,1
138,BAT4620,BAT,Dutch,Wooden,1629,SideInside,528,1,591,222,4743,1999,43,1,107269,207,0,147,1,2685,64757,106,855,104,485,28927,50279,471,131,1095,0,33218,115,17987,94,42917,52,117,101,4948,1203,14,95452,2,1494,283,925,30,3796,19354,1
181,CM93,CM,Colonial,Composite,1830,Side,560,1,0,204,797,98,227,1,141721,415,-1,1073,200,1453,143050,138,1085,244,336,1364,19313,383,1,3198,9,38376,23,1407,527,47766,111,1,593,5045,971,185,114084,195,2840,142,1877,1,1921,21034,24
180,CM93,CM,Colonial,Composite,1830,Side,619,1,314,179,871,-5,130,1,154701,497,-1,1246,139,1664,173315,182,1146,247,1,1785,21102,464,1,3236,0,38338,230,1173,528,49456,1,94,565,5379,1191,370,122616,154,3124,259,2142,33,2329,24139,64
179,LJ3,LJ,Colonial,Wooden,1921,Inside,750,32,42,261,1170,109,50,1,88645,406,0,1,163,1406,153204,408,1064,204,375,8621,3924,86,58,1997,0,40181,280,8150,86,44855,2,174,1,5504,713,15,46230,1,3523,252,3145,8,3130,43619,19
106,LJ3,LJ,Colonial,Wooden,1921,Side,331,85,457,220,1014,137,1,235,89963,62,0,1,24,1509,156919,398,1076,247,267,8841,3992,139,40,1968,0,42666,267,8989,309,49381,1,69,384,5721,1026,97,48247,1,3619,404,3224,45,3215,45353,1
114,BEL231,BEL,Colonial,Composite,1824,Inside,446,1,801,224,1527,299,364,1,152105,268,0,183,166,1795,107687,-1,990,271,6,6152,2594,246,1,3530,35,37481,212,2836,149,46938,14,1,678,6165,1148,304,195438,242,1759,298,1811,1,2216,23174,17
178,BEL231,BEL,Colonial,Composite,1824,Inside,541,1,1183,275,1440,204,442,1,149202,364,0,165,290,1586,104847,0,1048,210,125,5616,2350,354,1,3493,23,38922,236,2671,1,47557,0,86,712,6309,695,317,195107,59,1734,195,1383,1,2185,23281,128
111,BEL3557,BEL,Colonial,Composite,1824,InsideBase,612,1,468,250,842,1,614,1,180152,462,0,184,207,1675,108260,124,1051,174,67,4015,2472,290,1,2769,0,40833,159,3641,416,52911,1,227,356,6300,967,376,37546,114,2192,262,2025,142,3324,28956,-2
109,BEL3557,BEL,Colonial,Composite,1824,Cross,578,53,424,224,767,-4,508,1,159298,711,0,235,104,1595,95371,3,902,220,270,3371,2330,186,41,2880,0,36067,60,2901,244,46192,0,211,363,5570,878,369,32904,1,1836,92,1618,33,2801,26482,42
105,BN5440,BN,Colonial,Iron,1888,Cross,799,20,1972,241,831,4,487,1,136359,24,0,128,229,9282,186101,128,927,258,356,3520,7182,435,65,2237,0,38631,191,3713,418,48189,1,81,434,6160,1159,173,24053,43,2436,249,1871,1,7700,23601,1
103,BN5440,BN,Colonial,Iron,1888,Top,519,3,1866,244,753,1,1727,1,122741,424,-1,1,261,22475,173648,50,909,158,300,3050,6541,469,1,2466,-1,38728,345,3819,184,44601,1,186,451,5582,880,139,22452,1,2243,143,1741,90,7570,22298,0
177,LJ61,LJ,Colonial,Wooden,1921,Shoulder,430,67,5440,260,1623,577,264,129,147975,357,0,289,136,1653,167357,0,1053,-6,659,2989,9949,305,1,13330,6,39047,280,3442,574,50139,1,189,505,5647,887,172,56142,1,2371,295,2015,1,3571,30427,34
101,LJ61,LJ,Colonial,Wooden,1921,Rim,376,1,3473,188,1618,436,2,204,150367,466,0,426,237,1563,160992,86,958,228,48,3187,8949,420,1,17275,72,38690,315,3061,428,47634,0,310,468,5443,1751,422,57454,27,2200,85,2208,3,2760,30865,0
176,GT4163,GT,Dutch,Wooden,1656,InsideBase,457,1,1455,247,3305,966,18,114,110498,312,0,19,1,3954,70729,37,959,255,590,20427,24611,874,142,5840,28,37955,215,16572,19,46309,0,77,80,6027,2042,1,78425,25,1806,282,1259,1,4327,27030,1
124,GT4163,GT,Dutch,Wooden,1656,Base,654,62,1735,202,2696,834,2,1,107504,410,0,30,2,3381,65680,55,1044,248,822,19690,24008,899,1,3790,1,36003,203,15663,359,43332,-1,41,230,4501,1342,1,74854,1,2099,229,1151,187,3850,25880,0
175,GT4149,GT,Dutch,Wooden,1656,InsideBase,404,1,1199,253,3297,1016,1,1,109876,160,0,95,1,3741,57449,99,915,21,52,24885,29933,831,55,6161,43,37256,219,18047,614,47385,0,1,227,5435,1347,288,91087,1,1315,263,963,0,5206,18417,-14
131,GT4149,GT,Dutch,Wooden,1656,SideNearBottom,490,1,1295,197,3423,991,1,100,114928,288,0,155,1,3533,58937,0,1024,339,95,24055,30192,871,151,6248,1,37581,250,17157,1,46746,0,25,283,6006,946,356,89738,1,1317,106,1042,1,5322,18682,1
130,GT4149,GT,Dutch,Wooden,1656,InsideBase,369,1,719,164,3470,924,49,12,106136,419,0,145,1,3297,54499,27,960,181,74,22000,27373,712,2,5714,1,36082,238,15551,65,44552,1,1,336,5192,1480,333,84173,1,1073,371,588,128,4775,16862,0
174,GT4149,GT,Dutch,Wooden,1656,InsideBase,426,1,55581,255,5216,1601,754,1,115843,386,0,75,1,3251,50038,0,984,259,22,32897,50219,2483,137,9278,9,36912,297,20333,451,48098,0,43,327,5326,1410,509,100279,45,1008,332,586,1,9199,15838,24
173,GT4149,GT,Dutch,Wooden,1656,OutsideBase,520,1,57455,203,5297,1742,609,1,112831,318,0,1,1,3052,49106,0,881,374,128,32607,49765,2419,46,8508,15,35787,226,19305,62,46849,1,195,339,5634,1186,453,96998,1,801,408,407,234,9007,16105,3
145,CM18A,CM,Colonial,Composite,1830,Side,580,15,0,228,867,1,436,1,162439,324,11,453,281,1539,146268,115,1033,224,533,2977,2922,316,1,2793,0,37260,157,2959,293,47211,1,48,454,5947,770,112,43278,25,2358,156,1728,1,2878,22441,32
136,BAT4620,BAT,Dutch,Wooden,1629,Side,662,1,0,135,6046,2038,225,1,116117,141,0,233,1,2903,72618,49,1011,34,343,31743,55124,474,115,1857,0,36584,247,20797,450,49298,0,130,545,5181,787,591,106445,1,1829,350,1382,1,5115,22098,86
128,GT4098,GT,Dutch,Wooden,1656,Side,619,1,600,204,2493,826,1,2,113216,688,0,147,1,3264,76229,0,1109,143,709,18259,25919,494,230,9848,309,38319,225,14496,400,49647,0,1,82,5863,1898,2,84942,1,2078,233,2016,0,5097,30937,9
118,ZT3380,ZT,Dutch,Wooden,1712,InsideBase,558,35,379,154,1611,278,127,1,98390,236,0,135,50,3540,100911,83,852,59,1,5998,14035,151,102,6381,50,36635,171,3140,287,44159,0,212,597,5132,967,210,79148,1,2862,179,1666,28,8098,22290,-4
132,GT4149,GT,Dutch,Wooden,1656,OutsideBase,531,1,1835,263,3658,1098,1,1,114656,272,0,188,11,3579,58789,0,927,314,339,24103,30268,937,103,5878,0,36648,212,16888,300,46356,1,75,257,5515,1229,36,90318,205,1257,266,1530,168,5373,18988,6
172,GT4149,GT,Dutch,Wooden,1656,Side,551,3,53224,253,3990,1557,726,1,109389,290,0,58,1,3202,48283,116,912,105,1166,29973,47787,2336,1,8609,10,34629,134,18500,2,43972,0,36,265,5704,795,1,93991,99,893,353,350,1,8964,15060,66
143,BAT4077,BAT,Dutch,Wooden,1629,Base,470,23,5447,143,5103,1751,34,168,108038,349,0,1,1,2450,47709,0,919,84,224,26675,56218,610,82,11061,42,33855,283,17891,283,42107,-1,1,96,5148,1538,368,95085,1,1149,372,1721,0,5783,18317,-15
116,ZT1350,ZT,Dutch,Wooden,1712,OutsideSide,578,1,3269,313,893,310,107,1,59810,286,0,97,8666,1714,10488,0,1314,327,1,3941,5723,4464,1,2822,0,53222,379,4081,305,54762,1,113,210,6145,1694,52,19469,88,1849,40,1445,103,925,26191,0
141,BAT4000,BAT,Dutch,Wooden,1629,InsideBase,361,1,12635,231,5696,1896,190,155,115163,523,0,1,1,2707,68793,0,999,230,1,30317,55337,868,359,3536,39,38091,249,21141,171,49189,1,252,280,5938,1124,479,99029,40,1671,426,1390,1,6182,23056,15
148,BAT4000,BAT,Dutch,Wooden,1629,InsideBase,456,8,20120,218,6059,1915,1,1,106490,166,0,143,1,2949,58588,0,972,160,56,28349,53875,715,2,4481,0,38402,379,21410,306,51576,0,632,377,5905,1157,581,100284,1,1425,480,1484,169,6759,22579,0
159,GT4055,GT,Dutch,Wooden,1656,InsideBase,547,1,31631,218,4986,1714,225,1,112833,348,0,25,3,3228,55660,82,974,265,7,32273,54309,1795,132,5793,1,39898,177,22075,394,53334,1,248,447,5719,1269,399,101575,1,1054,150,101,1,11759,14327,9
125,GT4163,GT,Dutch,Wooden,1656,InsideBase,641,1,1011,244,3002,933,16,1,113056,235,0,203,46,3490,70880,0,1028,389,952,20481,25295,879,144,5725,0,38144,380,17065,796,45183,0,69,171,4932,1671,1,79267,1,1920,270,1939,91,4020,27696,1
100,LJ61,LJ,Colonial,Wooden,1921,OutsideShoulder,490,1,5078,260,1667,619,236,1,146747,139,0,393,162,1605,164565,-1,1109,94,530,3076,9819,282,4,13157,56,38409,284,3340,314,49842,1,1,452,5859,1104,225,55459,121,2164,296,2096,1,3437,30248,-7
104,BN5440,BN,Colonial,Iron,1888,Side,494,79,2092,253,932,2,1829,55,124734,499,0,1,326,32325,182072,84,1107,262,37,3427,6880,470,1,2513,0,40759,302,3492,382,48890,1,175,314,5529,1019,391,23877,1,2504,212,1756,10,7811,23250,25
110,BEL3557,BEL,Colonial,Composite,1824,Side,568,14,519,242,897,-1,350,1,173171,173,-2,217,155,1872,105223,107,1012,343,679,3335,2329,225,1,3575,0,40827,163,3073,170,51757,0,232,720,6414,1020,193,36016,26,2217,276,1701,26,3172,28431,0
112,BEL231,BEL,Colonial,Composite,1824,Outside,613,119,813,272,2231,243,362,1,152954,18,0,313,181,1807,107734,0,1040,175,361,5475,2300,331,97,3885,12,38491,272,2608,66,47183,1,154,968,6186,1623,305,197401,240,1799,228,1826,1,2176,22296,1
163,CM93,CM,Colonial,Composite,1830,InsideBase,771,107,0,272,1715,4,347,2,148958,182,0,1204,243,1558,151902,96,1122,202,278,1544,19904,555,-8,3588,0,38661,272,1584,92,51830,93,22,558,5813,1527,274,122299,1,3236,481,1931,69,2001,22279,0
108,LJ3,LJ,Colonial,Wooden,1921,Inside,820,103,20,196,1315,180,1,1,93396,190,0,104,384,1392,160915,347,1080,221,112,9461,3944,112,66,2347,53,41933,313,8834,257,48482,0,54,241,5765,826,171,48650,1,3574,321,3421,53,3182,45720,7
57,ZW2076,ZW,Dutch,Wooden,1727,Base,444,17,367,155,2306,509,309,1,97761,171,1,318,73,1852,50848,22,670,110,263,6450,16919,140,34,1754,0,29219,162,4173,76,30965,0,64,217,3621,792,174,69602,1,1072,195,831,31,5238,17447,0
41,ZW1836B,ZW,Dutch,Wooden,1727,Side,565,1,240,234,2298,766,73,1,140738,464,-1,417,91,2716,84532,23,1029,568,672,12527,23624,458,148,5001,0,38058,162,6450,60,50679,1,51,353,6054,1852,1,85291,45,1861,265,1510,13,7009,30419,13
14,ZW1837B,ZW,Dutch,Wooden,1727,InsideBase,509,1,0,283,2764,895,654,1,114889,186,0,595,13,2140,60629,83,879,84,521,14337,23754,396,143,1910,0,36426,281,8125,1,42756,1,187,350,5553,1019,188,94870,4,1358,252,1345,120,5200,21645,1
81,ZW3000,ZW,Dutch,Wooden,1727,SideNearEdge,544,8,0,209,2806,1032,248,1,124273,218,-1,602,32,2232,73811,13,938,132,683,7652,24282,332,7,3988,12,37918,154,5439,82,44267,103,1,338,5967,865,80,84065,1,1757,278,1237,103,8285,28101,0
74,ZW3000,ZW,Dutch,Wooden,1727,InsideSide,540,1,0,148,2681,739,1,1,140276,469,0,473,104,3089,70103,0,1082,204,947,14043,22360,446,279,5226,0,38411,244,7586,281,48327,1,118,323,5550,1666,1,86415,73,1605,283,1717,1,6627,25165,1
36,ZW3000,ZW,Dutch,Wooden,1727,Side,506,1,889,222,2758,823,94,1,135919,105,0,678,76,2260,85832,0,1097,88,711,7057,24749,361,1,8802,0,39034,1,4923,280,48850,133,1,176,5795,1090,31,91173,195,2096,353,1675,1,9840,29373,33
33,ZW1885B,ZW,Dutch,Wooden,1727,InsideBase,629,1,511,234,2841,760,398,1,131063,438,0,664,62,2202,82935,63,1143,227,274,13911,36825,295,325,3409,0,39818,233,6434,217,49908,1,204,347,6062,1012,243,71862,1,1887,240,1525,1,7486,25914,1
94,ZW1837,ZW,Dutch,Wooden,1727,SideNearBottom,477,1,0,209,2694,850,583,1,144462,132,-1,553,1,2358,77337,0,960,159,182,9628,25127,274,228,2989,0,37852,149,6130,244,47978,1,3,717,5863,1479,336,107335,1,1904,318,1766,1,7125,28062,0
90,ZW1885B,ZW,Dutch,Wooden,1727,InsideBase,295,1,276,181,1041,230,851,202,138550,336,0,298,159,3456,105719,14,1045,419,762,18356,8000,391,154,17989,0,37733,153,6067,1,49078,1,90,494,6082,2373,151,110857,1,1613,118,2657,1,8239,24102,1
7,ZW1837,ZW,Dutch,Wooden,1727,Bottom,572,1,96,238,2723,614,191,1,128396,363,0,580,51,1885,64031,85,1025,0,494,10049,28085,284,170,3114,0,39928,292,4903,118,47380,1,86,321,6156,1229,238,86969,48,1758,205,1410,1,6098,32363,1
245,TR3716,TR,Trial,Wooden,1622,Outside,379,202,552,181,895,99,106,152,150513,39,0,332,236,2101,139937,0,854,100,33,5146,2610,236,0,15314,5,37151,140,3390,164,48410,1,147,696,5892,1297,392,108493,115,2270,159,2584,43,4344,26918,0
244,TR3716,TR,Trial,Wooden,1622,Outside,547,45,357,214,967,-10,164,1,155156,292,0,101,218,2225,135152,0,1017,100,525,4801,2819,282,3,15839,22,39320,281,3251,212,52504,4,1,684,6302,656,286,113109,1,2415,255,2825,0,4494,27431,5
243,TR3716,TR,Trial,Wooden,1622,Inside,506,1,332,181,517,92,85,19,136160,277,0,82,96,1558,118501,0,930,91,230,4477,2338,235,7,13267,0,33287,130,2744,297,41861,0,32,730,5623,914,419,95865,1,2095,134,2249,1,3747,24048,55
242,TR3716,TR,Trial,Wooden,1622,Outside,607,1,429,261,859,1,103,1,146394,28,0,212,231,1676,125732,144,1052,71,1007,4124,2549,280,-3,14423,1,36463,292,3061,319,46345,1,1,667,6082,947,20,106343,4,2217,226,2767,1,4024,25698,10
